{
  "faithfulness": 0.42000000000000004,
  "answer_relevancy": 0.795,
  "context_recall": 0.28,
  "context_precision": 0.425,
  "mode": "groq",
  "n_questions": 20,
  "timestamp": "2026-03-05T02:24:23.653361"
}